{"file_hashes":[{"block_hashes":["asULkA/gvzD/AQ8LpRb7jUBoS6imOCltP4euufziC8A=","Rh71q7yBuVbto3hIhD2l7RAM6JGtp13VgYSy7TTKzrA="],"block_size":4096,"path":"app.es5.min.js"},{"block_hashes":["O6lFlCrwacPjbjU+TPhtxjSBSYcw/d6y3yewXhy+WzQ="],"block_size":4096,"path":"background/background-feed.es5.min.js"},{"block_hashes":["qQ1Ib2Mnc1LFFmaSMXliEUED9Se8qBjrHK2SLrlOdOg="],"block_size":4096,"path":"background/background.es5.min.js"},{"block_hashes":["77TXLABcSdv20c4y5TJsaZsBnJoCjfMQ5URY7yi1Ntw="],"block_size":4096,"path":"content_scripts/dropbox_snipp.js"},{"block_hashes":["FX2VWMCjHmwAirOi5FrAuuCyiTFyh9MtayxBgkngm8c="],"block_size":4096,"path":"content_scripts/upwork.css"},{"block_hashes":["ntIGSyK/R+wFgXvKHugfW6GArn7Zk5GFyR/B3ob1YCI=","7pdfzduy+X2SaODDfNjDXXKd64x8UneLY2/zTJ1r1ec="],"block_size":4096,"path":"content_scripts/upwork.es5.min.js"},{"block_hashes":["3f03fwd8hIoS7d5JLwp5qzz7HgsNR/ipYOFyZTTCDl0=","k9UQQ7W6eACnI5BeVybi2vg3ax80k6EdZ7JaQjFG4MU=","Rp0CaVDGsKY7UJttj5SJFmuud3xudnm5tYO9xYKl3UU="],"block_size":4096,"path":"cover.html"},{"block_hashes":["HBgMWD/zmTO4CgXJCyHbB/MgEFAHSTUPQ+XzT1g1214="],"block_size":4096,"path":"feed.css"},{"block_hashes":["s/ho8xsOkZtZPXDKcE+4Pi4FnpLSnDaeih8MTXIKFfs=","ALbYfhR+b8UmgjDur4/OciVTTt+Hb80gyG5JCceSzmY="],"block_size":4096,"path":"feed.html"},{"block_hashes":["9RWqZbuY2bgdxUFlpZX/G7xEHBOBeFdaqu+nn9pzkAU=","sh0BN/k6xbx5UV0wIglO7w42QFGBxbqc1erftVrvjp0="],"block_size":4096,"path":"icons/1app/mailtangy-128.png"},{"block_hashes":["BY+cOUqrgjiN3g3rA3wWvQ6nR2So/LnLK3P0OzpTT0Q="],"block_size":4096,"path":"icons/1app/mailtangy-19.png"},{"block_hashes":["0bP2wXPApm9xVXRH1eHg88j4WmLa8xC817lOORB6xSE="],"block_size":4096,"path":"icons/1app/mailtangy-48.png"},{"block_hashes":["NfJzwoxZeVhZWBJNTFKtDx7+TXgadxQ8FhQzoC9woAg="],"block_size":4096,"path":"icons/1app/mailtangy-64.png"},{"block_hashes":["8mQN0umZ772fS8IP3iG+f/zB9ypNRj0LInzqnHozIzI="],"block_size":4096,"path":"icons/app/mailtangy-64.png"},{"block_hashes":["jqlkSX2Gddmr1hyoy3K5OAgm6dayXXBJDQBtK1Eb9tQ="],"block_size":4096,"path":"icons/mute-sound-32.png"},{"block_hashes":["AsAQ7VuXwx7OlBdfA1QGz+O2aaBargepVQxdYUPYERU="],"block_size":4096,"path":"icons/sound-32.png"},{"block_hashes":["Zr01gyNBUUTiVMP2cm8D7gR+IW+XYHq+JI3niqDKhkU="],"block_size":4096,"path":"icons/sound-64.png"},{"block_hashes":["NNtcbI80nz3EmSL4U2N3hXYvDMOnfMWCEzrPpAG9eRs=","UhVU3bVTRnN1FhKWElzd0taGOhhK7rX6zkrY1VufOHE=","pirF99TyUb2WfpfX0zewh+kA6S9fR/1rDFzEyEveExo=","nP9YnDrUEwAV6Ppngq9eyywG1GA4zlkC5d61rgvaaNU=","r+AFhOvHCLZ2e3n5DVYAeyNJWzMS0+EOCkn3Xbfa19A=","yHaXT2MaQk3YhyzlfkyGvBQj6ZCLF5IYuZpY9SkOAZE=","dDGItXup6bAauJPKtRBOrmafZqp5kIpPmTJsPHD/JtU="],"block_size":4096,"path":"multimedia/NotiSound.mp3"},{"block_hashes":["9DrNIvX3/+H7KqdowxxE1dRy3281pGreAkGQEMId9VA="],"block_size":4096,"path":"popup.css"},{"block_hashes":["Fl1xzRIromOBQ5gzkjbfTTiSi5bkltXW+xS/cRlUmvY=","0IIoz77n2GhzuIaJDSOLGrwhfIlWyHiIQAgl+znXLQA="],"block_size":4096,"path":"popup.html"},{"block_hashes":["U1wmpfwfYJK8bJo4pedKHZPbz6lveBN+BWA2oSRKGu8="],"block_size":4096,"path":"template/cover-dropdown.html"},{"block_hashes":["3ygvGN8IuWYLeORWbSuz5OA9crVMdA4UTrn+WgIZV0I="],"block_size":4096,"path":"template/dropbox-button.html"},{"block_hashes":["pnOMihXxQ2j8+s77PEnrwhqydIgWpWPmCdlWkgd7+OQ="],"block_size":4096,"path":"thirdparty/angular/angular-csp.css"},{"block_hashes":["ZIORZmoVinEO0ElArj6hH7Blt8qYSTYZbFZg6MQ5j4s=","QGNmRmuB4YOcWj2+tO83Iqm2DlqYk0NS60pJq38wYpA="],"block_size":4096,"path":"thirdparty/angular/angular-route.min.js"},{"block_hashes":["1JpvIQA0bWejHhPwk0e8iWij3kj/AQeVFigKo9ggVPc=","wnvdQMUsz5UARy70/wy4Pjo+rAfpBHaScPyYbj+ZhcM=","P6clSbk8qbzCEBm9C4tL18H0yKsoywaH347T3Dc4Bzw="],"block_size":4096,"path":"thirdparty/angular/angular-route.min.js.map"},{"block_hashes":["OC1l0EM7LJ4WrIy7EcBx1mPRaOcVi9aMVJYpw0uXl2A=","NzFMnPqAgiKgOEZ76MojLQRZyyMcLTPXJ6/cUoWslcI=","/zA3hLFBtWmhm2ltc34d5LWO7Rr2lP+KLVCPQzQmXr4=","yBrQVThZviO4EVQ9cXFpobosSGBrjhtGcXnIVTCYTEc=","CYsXsp7/J5dMllqSmnzd1VAfvzhzKsweDl/lvBuGw/U=","rh8jQ/MeTKSh9EneQsx2VSIFuxYJxtfHjrR+wedkCzg=","LTQprEv+5WwW54+LIx5wu94dwQiglFZoMlKHGwbPLkU=","zv1AorzVGVSCZ0752FwNIrX6zzWodhvIXCDfap1bs1g=","fo2f92yP92PpZXp9vovoEHmoIm1DTvnFKS96x+V3Kjs=","6coqNO7OhtgYjcz521aHQEoOIr8jSC+pVMMTBHTRkq4=","EdC56DCXNhoZ4b7n15GCiAnL1rUo56sSB22AgCzIvD0=","STU94V3RrojW7YkWV1KLIuesNs2zkwuKtAE2s6Qd598=","BWdYzksudlaw6zntWpRZsxR7uTECGm0z9hqbbNsdNG4=","4qoGPs573BNb2o1VmzRGGjycoghlmuJEwQTSwUMqIu8=","mZ/gNy0Uc70ok3IvhIvLVAec8XFFZ8XlFjmocghsjNA=","1lgPQ3JV+npuS4Io4cbwEhyZ8cSTzQK6GGxtZbQi47M=","GSucV4r78s8cCCl5W6ZNKu9p+RuATjvbHrCcKDPkNaM=","1YShqTGmwRo2MvrcPPWMxmVGyXpeIW9XfFdE/Oh4LlE=","WqR6w/OD8Ln4ShyvEeGf+cI6bzaD4CahdA72Tw9r1Vc=","fm/k6IxGQQDEWIvZeu/rLKuBYJZSIZsTCmUlUi1EgiI=","8PdzcjEVykxn5wq8pfOS6SfwkOvURihxazlEjR/+1IQ=","9LiGK4ii1azkA735Tkg8+HcGxGmhEfTI4evrfZJ16uo=","uplDjfC1BJ1NksI9D5BpU0S9J8bcoWBfL3CuFESYUnw=","NAmdHape5XhfBPfzlSQZIUz9YeobvWqG+lnWYNrCESI=","SnRv9PHyxpMNkP78itKwe4DMPpg8Sn8Tr/CeyQhMYj0=","5V1236RZ6bzSyVqtvXBiJ/adIfeSbvvHG6Kh8rbparo=","9mriKo69ASCuz/yA6dL5ABoyqxuoUfj35Hzegyf0JGo=","CRJX2aJYn5kvNvSe4Ju/LjCW0+PHPewgDb+pCriPsDg=","NDQSH6MWQRKx2bcLrejz7TMoByuvRZTuGoakq0wJjws=","GP3R4+neQGOB7RPnyXzWsiT+EEeFClmXOlBPo/FFqsI=","+Uk1s7edOauzxWNjzE+iId/Tg+re7vLIQ374wOPKEwU="],"block_size":4096,"path":"thirdparty/angular/angular.min.js"},{"block_hashes":["TaSB59ope3X1DTJGvy2vqumQeX3VCAw6VpbDPpNmx9I=","fupjH4egXAFT+1J1bSJ0yhZyvBXX4fN/CGy/6LIXegA=","oOZIfVPwdk6wvBNRM8+q1nA4w0Yp6Ow/VD2LQ/NwO4I=","sAapkASheaY2LEKhFDIekT7bo0sy+dqz84/xSuG8fjA=","zCxv47SFNNn+05ynMPYFdrfYPi/K4x60sVO5iTAUvh8=","X0xXksptfpPM21oAiYxajXyJVjzo+Th/oGrmRGmcI1k=","/9w7BUX2apPiqF4s4a+FQf/n/9jSX0fZ4OIgENfZj6c=","caOYQDcUMp5pTM6Os7MS/qorOXho2TD0MVvze45Z1og=","Srqi0VG5zNr3Kn6SiffZeUKOeWroYs/Zf9EOF6NWOPo=","+6FyGNqUjENHMcn021f20zUJOJ9QXpVNotaqU2u2gnc=","3j+bu/6FaSGvEq4pYVUs7lL57S/EacfNlMcjEgqG6m4=","MSNvNDrzfmsZs5JTYGCEP8XQjOQLAf+0I79J/oDv6wM=","jPkk9mnSorOS/zwJL6QiTVjht7QU+mhooisneWu5P9M=","zuaffmhxTwahkYClyh3lqAxbe38tYkDvAXM2eckqvsE=","rk/cnVojk49O+kP8lI3sY1SJnomduYAnU24su7G+wbE=","t5ZRjySl1S70jvCcPMGW7l6hfBqqqyjOnMhkF1U+rJw=","dQ8yMXjpYdFGr78GntXwKcbKhT+poosXmIIIJng/998=","pm+hJwUzQUIr9eVy6NsNZzIQjuqWwOvwVTgUrJoFrlE=","XGchodNjEJudEozk3vzJoMdsXtkw/sNToFsSvzEY0pE=","RPVFOaLmYDpqvhqp8nAHU4eipJShGD3szQ/3ah0OoI0=","pS2XjxxzdApVoyIKckbFsaz+gdFYOc8N3fbfTgUmQ90=","UQzehntm6TgmgZdaeYvetK3Y8NJNvpKSz8n9KuIb90s=","Wdb4zgY/jS/OOcPs1oZ2TGR7PKFbiuD/Z4G7D0s5hjs=","qec8fdeZaIWu6idsQGmVGJu1PCCFWEeTHKQYHodLGc4=","G0z3dpFILrgVJETAp/rYgcu8ccMu8kK/jUepJ1zCaC8=","mwyFZd2EWNJaEjmHYpz6lHVtZ/x/4+hXOL6noq6Qdo0=","oqcDeWE7iF5xA1cZlyc9PGaDRgHOhj8IZ9zD7pWJBdM=","mIgPq5I4gD6mmnXhpYvaQXNiGdRojbAxNLuTAn7qBZM=","QvT0jYOF2JUMXnbi/SzPKtQ3Xq5OJH+YtkqTP1aMP3w=","cbYpK8boky+9ZjSNwTRWqMS8eNK+VMkylbOloByJdWU=","9ls3txKCVxik42bQ37X7zSp+hrEatkiy7HNgfPdkHhM=","KjOMwdA+fOX/zvCnV1WJWgU91WGFzWfklTBcHOw/mwA=","wqAuizbt7cdn6z5RqWPVPrEwxy6Fo59iXQJtaV/smUI=","15dtV5tzedT7fWQoyuzXf7PwGZFLlErQXbBd6m8ngOA=","kdOOaMDj6HR724BdOc0a8c2LhWP8SlAZqxJd63swscs=","Bdb/ad7fzH2rP2sYEg1EisQa7Z/Pj+yJLZz1K8DEGxY=","frcOiBvNQvwsVzDSNBMXMHFx759hikpyTxVO7+ZqfMo=","Hm0QGAmTu12S9cWrFEvpFc6nnpK4Bvi4/8k8hsspOz4=","VvG9OUSO+OIH+uUfCc7zaIbUduvLTTunU0lUmrvfYSU=","40mEdWn0vTGnejsrf79+8SDie6n+8X+6GF1VgViltAw=","iTNwmInFyIWoKqQNv2bMVo3TPDt2ZQ5ETpWsavPRRkM=","EjtG7ypZIjxV0tPfw7LwH3koRvzWDSTJiXun1cVDVWA=","o7zR0n6UNuNTIXPpyWPPPazsIdGVTQROrO4JM4DhA98=","uBOwH/BFYoWa9TzzDYLt770uHY4QEr0xtvgiX239wXk=","kxnxuOREpMk6t+jc4f8j4qSB5/fJ5E+KxcnmAH6cSL4=","5f3XGqJ3M7YKLnccqWP1Le8YsJ5IPSusCmUmcAFQqbI=","c5oG5He8mbakDSci+A2Nn9sctxr0G+lMktAFkuooCO8=","wgzclfuEddz9Bl+71E7RV68PrWZYqMCQjCsuvizGKZI=","cT1UQiiAE7d+kF2LsVlhL5WzeIeSLJ0TFPpMFlhfXg0=","BbF7WHNKMIObsGpY0neJ9ZQL1086+GGlvACwbJgCPPw=","wvIbEVgEAoHeyJ/N9bGF4kiqt7SX6oYNNwqhYU0L5iw=","ITm+MOfkf0mvrVuX88wyy7QjZTBGttRfuCYTb3/SAYE=","1UTdz8QfuEIjUq1GlPiD6xo9WlrKqT9J03Kpm/VbBiQ=","dMvYcpv21SKJUoVC8PeB9R7Dhz7FcAUUUgSJrDJsW2Y=","Glu0JwVZU0TjHu3Ffbo4r32oCIzsso8nCuyAPYIJi2c=","sw6SB2c0/me68fI4k97X4HLbkBvXNa2S9aBwhUqUBO8=","2+E+/hB4jR8JVa6YtbpUJSV1Tx3UN4VK29Bf1IFCVs4=","pTY0Gng8l81uF7d4K35/0j5ui7S+A0g7Zy35Auiv42E=","TtlNoWLm/yTBfjd06Ci6VGzirsSQR9Erh++aJ5/t/gc=","OeqNd+TdrFa5voJB25g8MH1gNo9GIpOV9IWswL8lBes=","Vfiz9pi0fFSeFvyUTKj7ibTU+hJBrgXlI2zeAJXdaU4=","yg2zA3gx31A7sKO75YGy2V7yozFuHC4WMkd3WIlDmPY=","ef9C+ZecGBAvg5NIJIp6y2Pp4UhtymjSeJtKcyXe7us=","ljb5rDo46gGK64qg390HslGnW8lKXGlPI6SyDT5GEHY=","UQ/JU/IO6/0o+zkT/2J9FGO1O44GgZ6yhhmRyqvC34Q=","nK7ydlZ4rdpqbD9WA4gaJyGZ4Ts6O5h7vt1Uryp0ZwA=","Guc5Q6f61ibofmj9OHnvDBUVkCfQzINqHOXcdZtxix0=","cq1PO7SPi3OC7fLpvY6sH1/Q7Cxp0i2hd+m8FWiOWas=","S1r8FycDnWeRzNIQKQZJLxFr2TIDSHPf9J/9k7+IM10=","gVniGOgTy2S+tuhqNFF3a3FaftH0cz75PxzyKEn7UsU=","iEGxKeegajg6Hk1JK6njQl6R/F1gnDoeb0iagN3pB/g=","YUL12VNQuPDTbUXhdsnWl6vIZ9Cv/MifiarAparX/TQ=","yqJUVCD4MCEnTPfeO06QWcJIXMea5hufoMbzMMcLP4w=","ySp5X9UsdxSWd/Qw9O7b/ub/mUP4e7iqVvuYXTTXxPI=","08+GmUIkDa2paxaCpfADRBKZNGcKk46pJptxiBWzUiw=","lozI6JEWDFPchdEhuD/dKZpkFSrAFzfQTYnKbTxTUac=","VOmljATxNws09iYZdob1IqmjO6hUxW4x/PWLf30jEF4=","CUh9sZv0PGGGZNbIFf9dLn8VEZceKs/fU2+4paA41ns=","dHiLsJFxh4GKqQhCszK9x2s+p5/ZRFiwA7m2c4/tfKM=","LIubM2og+/4BlLHYmf7ww3YDvnXDp2ZWCXCkXGwYAPM=","AjV0riwybY6Pa/e8IbJTm1HN+JqraGC7jvRbhH0+QBg=","zd5Js6ZWR1cLyOTXhcPR7c7JgjkbX1j5N166i/pLLYk=","S6gd8VNvPowdu4MIBpt45QqOcNxg1NTT4xuA6NjC/e8=","ssYLtjsckYoMvlx3RvJ2k5KeTWnP84ViM8ue8jW2y6k=","rnyZ0ngPDw1+Re61yJcjftkY2T8jx1HhIet2Cej7Iqo=","mqyQzc3lXsI4p0vGh26eRkUu70Z4BlBd+kYu+g+WVRw="],"block_size":4096,"path":"thirdparty/angular/angular.min.js.map"},{"block_hashes":["8AFZRa65ZnN4a5CAGazvhrpq19V1wUrnMYn9lFu7b6o=","xAMS6otsByccmQ3AbFBTE5zDeJrqPxoqrg4EgJhXr8A=","0w7tEDt9bJPO0UUkGMBdrnjzHa1eYnpOotjP4H0k7qg=","qX+mlDLweT4a25zDtUP+AtqY9ghBO2XLvw1wiUR03HY=","pvVsZgP7ztLJegiknDxLWL4qcxuhGVbxvCIDbKX/r0Y=","LUGnb/3NOSIGGJl7pP5JR37n781j7vi7QXuapHgeQlc="],"block_size":4096,"path":"thirdparty/bootstrap/css/bootstrap-theme.css"},{"block_hashes":["gndrXcxSM7KH6jjr7VYHC0mHdELTl2nA/3zz0Ptbumk=","+mNbVC/u7G6UNCzVOOBWsh7/sDkQSST5+P9GIb8yZEc=","2qbayXrrMDxsanBdjdWPk1KJycA/2rck+Tpf/DDDqhM=","q3mE4NPaGfLl3COp3CJpb/owC4z1DbdI2JUK6CQklDg=","zf5A2bnN37dLDZJ3gS/blwhD/Bc0KmSXDWVTmzicvI8=","80w1hBYbKveIQjvjPQB5ZSzUPZEPgEhbLLST1odMI+M=","Tchvy03gGu+m0bClf4ZlKrXmJnrT9zANVuH1LQVY3Z4=","LPHyEq7gsXS+zNxBgdM2jLKLPsbpKBTX2umsRyWyD8A=","M/fyAL25MnciglDN9rifGSXsKOa2VtzhseDu3hiFt9c=","7iWew32MdgEQsHKSmQ20/M54B0z8cI7t0eb3O3hN/LA=","pv/QxlhlCraOzfZPgRhVv1fhnnmXNext+Cb1ESFIXHw="],"block_size":4096,"path":"thirdparty/bootstrap/css/bootstrap-theme.css.map"},{"block_hashes":["NoHr03UgoCNtSPridAi9nwrpDM7/J9QiEULGOp8KL8w=","RcAcJ5NWEwZpPROLts1piNgRJPOdb5KUomHNLNSqwUI=","DxqDkAnoynyWqHEpKVl84CnTbmMn6cpjADE6gJIwDog=","4exE4DbFR/p4dkVfWOU5gyawKooTq4dRWk3+d5vMv7o=","03RNPBq7JbTG2AkkR3Lv+/BGHbEmtpCCIWgu97r/m+Q="],"block_size":4096,"path":"thirdparty/bootstrap/css/bootstrap-theme.min.css"},{"block_hashes":["BkkHKz9yTaHpfeqj3t1wjoAFNWlPIkp6flrM1RQJ1cc=","0fkiwTGQLzLb+mfsAGr0LfpfrqaMFP3Qv90UjSzGbs8=","JHEjGYKUQfhQwf7nLQhFL1mFAtCFsc7QMQo5OG7bhsk=","ZibpWu+rXvdAiuTHRHqpNvO31rY9itN1T4UXxLvIUcY=","RYh7CJdjuiewfk5JiEYqiRcfCFixcQDpqt39S0obFSY=","l3PSY68q96hRJZft8u+SEDlLoif3QJURxCPu0QxC+T0=","7z2D5JNlJs/RFC3dfXF/ZUwgwugkJ8VHrBkUJ5nUtxA=","r4uRz3gK5rDh/Hp5fYwLSD2w8KKPicBveSrUZ61V3mM=","5M2F7wM1gzuqgC0RkJLhSebnammg0iDjOMhp2DoJlhs=","ndFCjzJUL3Fr3teR+NvEJffn4Vdy7ShZAf1i6cPc2R8=","+2gAbds+Ey3IyyWgTlX+KFuVlNpafiPnqYps8BwMYjw=","UxgKh6yuFgq+9Jo8YF1RMfwn/tsQDAsr5sso50sgRUE=","2MOGpTQ+u6B3khIg450mPQBYPO8d+yAv3aLAfmuMFCQ=","VU/JuehLrSYtw9xc29xgA8YzbV12jxktDTW0GptaE20=","bcDGUer0gHnnyAHQYZ2RZZMp6spPgVJXgqlJy3qVVJ8=","FOMlQ5rV28sLuBxmfUaQNilUj4oeo5i3SBsOYl+ZyhU=","8x222U8bo+zI6MZKEWxwhv2+On4i081CJfp+IZQ7I/M=","b886PE/G4nrLQq0S+1qhiO83RyBYz7k4ARoq0XLS54A=","wBLKjYfbtSBXBtzMiLOYm5sjpMSzMDhYMq58EuQJpUA=","SrfvFg72+uKIEjF+N2Xavt/nUSlcluDUkT4FQOI8Uv0=","vmlWzMuaH3T01F/9we456SmLqR3N81IKFiBO2vWVQ98=","qi+WJdQzGHjTMaCS5+kw50VOd39pXN2n1I+GOMRL42o=","UQ/Go1Ik97NVmiDG0mbFkDaTVWX57PAGC2uph7DSYqc=","qOugyKSludS/ygPEM8StWJhJtfTXe7o0Se3NwaLgEno=","0GXGz+6hs+rw511hjXu5x7zs6yRnLGGJHKKbnVQbnSQ=","qlD779RZVJAEQNNNno8Lr+zZyfK3mLQbytQaTxregMY=","Otz8xkEWs/8CqHMmhO7tz3qCRomVmHib06OkBapxkco=","cVTKE4AKXjzVdqhSAWb0MRcthD2Dr6MF/Ez1zTCRPDs=","Wlj3EuY9d5ZLbL5djEbi8gmXvbTZvWfRd4gTyk6hOhQ=","lSO7T6iVP7qRg+WiUJ8T3eQVqMNE+kf3Ex/1k3BDaPM=","9pF6cf1lCi1bioUJQOMKNqLMLjbO5pBf1mWKeT/SFyo=","8Q/TbAkLBiUXZLcfK67TYuoBzg22Ob7ZQ0HS/idp6AQ=","uRUn3r4JK8zhJ2t5fi9PHJuvBeTPSOROrVRI3OUuHlQ=","N0yOfNwrlW2fMDazVMrNZMlWzUCg506IlolwWSCXEmI=","gvpTtcGV5rFL67bdzzC1WFqVF+l6EfJcY7C3x9MOCQw="],"block_size":4096,"path":"thirdparty/bootstrap/css/bootstrap.css"},{"block_hashes":["3S2o7GGjtbXb5fIhShwmEtXNLxNUX7Cr5zwer26ttgw=","BfPzs/tQPrxPU1vCSLkGT9uCiLJYRhAHNnWCglyFdlo=","tgtwSNJEwFXVGY16A4TVdJUAeBRF/Wh6KhDjd1P00qk=","IuigJI0idN6Yp3W/fq0wm+0Snqr/E38iOhnRhfD+gLI=","ZfzFb144CXqvSH1Fmq7R2sfnxAVjN6pu8cC+mjGr18w=","pUOYSNMtNiMFaT+3haJ+0bpe/VGOxmA/5DU8gdwci38=","ZQjoz9CzI8Yd+/SW2Rs4Pa9W1VwDXqG+LSIbFuVgFxc=","vJjOlffnrFiSC5xPqPZuGMpzz3yX/mr97tEbrzC21dA=","rMoFNLtrpFrwJHaEdRuERBWuFW9kYJX5FP1joegC9LM=","K4SLCv/mnhdxt+2LXbf2/XU6scl1jz2rsaE+5xrWsu8=","t0+0uCo2l1v/xPvB2s91VDkBekPVlTx5CK+llpDvaSE=","ANUcoN7O6Vqj9VWz1LYhTU/0iqbMjP2KQZvaqCoDrIg=","xIPrKDcn6uq+D+MGeO4wJQa+5JGcJ6Jk5HXK54NSj3E=","k7XVkO2lkEMYbA63FwPAgudLxvmTOK+V6yeRxFbItqA=","gh4c91P6G0JiDgRt3r1tq57cRophjr6/+b+203lakOw=","wLdUrBrYH7GcrB5pvp1PFx7G/Z7Qp48q9P8HPcCjjLA=","bzeVs8CAOLuPQLQMaB1XkQeh2LHak2AP+ymbt8NMFoo=","RnzJBSisidynOr6s4uCxWa1/9oOhjeS0nUB0wesozNM=","jfTBsDnVpaO5Y61ZqX+mBNF+bVAHVLuNm7LAZr2qvcE=","Nj8ZQDcn5RyOY3sCIvZwuVNFxJEPGyTKDLPOXnDi1mc=","EKc24hsDrKxPpbf/G5ymQrVvWI0DQWiHztJ2kdqCYGs=","kc5WG/npXXGEJpQbhoh4iPPd+ij+B27Em6q/CNjFfWI=","EcPQ4fJElgaEcqfgURFu87mDaMjWEM5fS5u778PE3s8=","7vV4APsdq7hi7/3qVbD0ffS74zhAWSgnhByPdx91afY=","8VcNmXm6YQPrlsAhBUWSJUWzoJL9uxghxhT8i8x9rng=","OITPEM/wr54bc2zwgKosS2gSwFZPLVyNIOAFtkr+csQ=","EUXAilpqTv3hE3Koo2/UWQ2QMucQvOt7uXivTctt6cQ=","g/osSy5f8UJ7EQjKmSfIrh12K4geedM0b1OGN4nUFwg=","Ytd8QJz9NYPSYIJBYvThu7oaJGOEmsWNn7+6zQH/GH0=","0MF4pvgiQW2kiAX7Dbc0Eqsry20CKLfh4Pq3RDnhccQ=","mUTqT3x39rIDUaw/+cZLaLfgaxUrztIBcopeQUTdYOo=","FA0tbE2s7BpQBM58+B3qSiVoFqEtpppXvqm/55Ji4Rs=","x89z3MzhAc2sCBajeH3Giqj9JxY+4NmgUCJN8mB2ufA=","/ZBkTCmZr6cXR0YyWS/HB9TNIjku5QNPx6lVIQatXrM=","8hMc8Yn7ApYmVYMAREBNjYTF7oDGSKARDskITklUgS0=","eU65reB1IxR+seJsJmRP8cKPJsf8xgpKeXNIlJ6H/Qk=","i6kC0LTVBiWYoktxmHpbIOFVVBjbbeK4I0tBjmbmYko=","X0SkZ6ltfaVlWejwbTplXuwS1PSc6zAzQFEPU6Cd+DA=","ikw5vO8LExVuNmkgj2NhPbF2TaQyfq2R6ESPbggXW1s=","emKKZBt+BycnIQ8qGrD1OK7FlbiSzyxumsVeDgFzYWU=","5ACzoybmHkR0qaqOAuuV4nNZAvNIVbas7y2SnFKaUOU=","an/cm2CYnA4C7bYzkUX/A01a2NSRmGnf8KmF6pV9u3A=","HZG7cPWtGOim4gLARe9Xg6SOHnLUWZG3/Gtyk18QkqM=","wAFT523Qw9GzVU6U+r3EDDEGF/Bbq+sEmcDKjH22sxo=","jO+/tTLtuQgzxLtR4XSzkEXe63+5BXfT6UOoGQBdFPY=","89SMHf+KSni2GL6VKTJX7Jhz38tInmZSIvkL8JYWhLo=","3VKG72DwZxQ9bTTRdmpdkk7XqWmVXOxNrWKofYvmjuA=","nn3x0UQFn8o5CfOm1Fc+eH/pZACvSXiMldZdLw83NZw=","rh/G2ykICpdk52fkIwlTffCPJbQT4FJXzBBDoiemIGo=","cT2ce0bSHwRPD+DoqNhYFdVrmwimsCTZUMQofEXyjxc=","vADJDycHfHHC2vaPe5XEbvYwgZ010e9+Qm28LmrJnto=","M4fOFISJLd1L0bWvm20v4LqaBaPi2tL4LDciMMiaz20=","oSEYrs482CcXH2Uw/pd3L3o32z9dzjnxYlzj436QfT0=","9hTbe/xCVb8olRiP96QU3PywpNe5mwQ7txNiTIkTvAI=","RtddxtVWSmjAbltFgMM7JUa4J5o5rgW6v2tv1BJcxbU=","PFOKiQLNM0+6ZO5vQtnyS9REry467lzeQqyr173CXD4=","zIoTvJweaRDq09/7yBnj9WrrIiqzcyruufk7FtVYYaI=","0+Sj8aL4Zlex8GKCM19acXZtKKDCKEghXoPneyLaafU=","4qu+g63V4f4pRUxrabHSTcDAhJbzve1m9hTBcgVi+Gk=","N8mM42aln+XxypGTAWp4buyLevXOStbTsMQyIA4i4PQ=","P6K8hnFCPB14PFXCgzG2YQ9Nnz6qLhmBBKwxtSA65tQ=","dNnIGw5fE3m5fTH5ofOw6Jy7mNlI60dHFc2pVU96v2E=","kWuA8tHO2tNWpqPI3HjTz5HeHv74LZyBDAKUHrGBOHs=","cY2gpESOr+NuluhD7ERoQ17/ZPQKTGv7Am4qKofGPwg=","X/Fq6Ohz6hkGItZ6K/nrizh7msZkFahoa/avmDZFHgo=","L249Zrmvoo2S/ObCRPDu/sgUNmFXI2an2m+p4dVDRvg=","XQtYUesOapWkxBS2U8WxQbkPXT4h2klZrl7m0u1Pubo=","gNU/Ertby21n5sfxL/K5p5qbj5DsUMukbx9IXXDAo8w=","MAtYy+mk8C7UwTSWn7agXBnHlHrNiN85g1mJahaGpF0=","EUnfGbLcOLDiGR+okY4BJcrrbLo20oeubCOocKqrVGY=","OSKJ4EUg/+LmcIx+irJngcM+V2JySX0GyCmsbe3Uhqs=","VNCq89jB0gJh300VQSQqgCO2bSVNnQmfAmLTAgRiiC0=","IoWhSNFsQcR22vHfWKO7dJuCYog2t3y0uZbMAgc7go0=","hivNqJx+fX8vQbRgMNgdMeuv747hCfcbClF/4SSIBsY=","rLdvu6LnbmrUI3qaqL4cKSqzgNdoG/w8Xnf+/dcR89Q=","+OCvS1qW+GwSRYvMXB2bbZ9qz0ciUjbVtllIn/d4Jxk=","h/9Ax3K+MD2YQR061GX8V/XOpzDNiLMBYGBPMPWqKpw=","f/y+KvNezHBZGFGz7CA5xmfelfNmeAa0aCWLWgyukH0=","Jffgk1jEe9eNxq6NToRF1/W2R30cm2jDIFLsCtUuLHk=","KALYuOF5Yk70bssn43iMywyYcROw1f8igtOP1rCcFMw=","isTqcEMPR0sNMeCNhR/mNcGBsWJurBUrEJ0McG4lJXA=","4FqECIo1Gqn89OHebpERK6Rhbi3Db4141PY0/ZvU/RQ=","msgGwlk/sgxK3Yqup3zmQS0FwZO39dv/kId9emSxICo=","ra03663HqJ5oLXkc/7KtqmpW9CgxjELd+WTNMDEvRtQ=","tUNQ8EbZYixzVVEi0+nPnD0p2h3NZidyW8I52JsjbPQ=","IrN1iyA1UFN3OG7B74PCwW+/ksXB2reo/5XEX3UFXp4=","fKGMyY99kryG09ewYvtdMNPiNdTHS5dJSmdCwz7hwpI=","UjqBRyxZz/y0Lu5+S0BC3wiu2poBcqR9Y4gf5ZN2G5U=","NfCBJ1qskQQB78p1Ie9pUhLLNQ0mjYyAXuOyZBf+4hM=","QN+6OOv1UPF6VQauU7aUKooEP/SvDELfh2gUgiLgnT8=","KMzlOkN1zPJZJNQ0wesb+6HiAjG0WNB2ZhmW1nHhNkE=","LgYCBz6yKE86nkjfYaCRqooXrtAhoSG21/Mg6XhfJnA=","/ltP8k8BxjAaAVTI251jRqF6Uy1oYi40pUMaQEsHO60=","3DVgH60uSNocXCsNw0w9GSIsu14i+yZtNZCxW9nCAg8="],"block_size":4096,"path":"thirdparty/bootstrap/css/bootstrap.css.map"},{"block_hashes":["HICwIPYxU7peHBmU0gyI7xZgEfOT5Y0d+PLiWLyXgAY=","5c8nWcXUSfc1ksiBFVvGFK6SmMjwApTBkIqtU18YrVw=","uyBDrk09u3Qy9wj8yoMi5hCkTMlnjrurQDNn60J2pnU=","S5lQByLpVIOyNZ/ZaNRIJqLo+WqBetHjsdUtvY6UgsM=","Vj5Jqe5xcd36f9AHkMXK9tlEL+3MPdGV9zt6N15MpCY=","W51XmsOF+nhAhAsEozSZ21DyxewUEFeKrEek+EAx59A=","iw7B+UZEX9cymUtEZUKWf2B+TmF6O8CnIKySvuJtdQM=","txLgt9+0vjwWc4AHoLbeTfSWHs0L6FPMStW+wAamcAI=","c0xysxkRxrcrN8AEZ1JKKhI+g7QndyCwLp0QUsgIQmk=","UNlUY6qziZV7czlm5rvDxs6VDbUwuEhPlsNGQJqPy/s=","aYAZaYaNDi3GJNWTJqSjv9DXC8K0Lu5lJwleMAPA4o4=","/JXnL0JWovkVW8q3L17KXCAtUDuQSkY0kZb2zE1fHa4=","sRoXk7jideBlPwt5s/gfz/RzRht8BTffkaQgJqogV+Y=","EACMSSG0X3qMkIeMS8eMRHv8uqu3CV2GuLJx1FQGxzY=","0KVVOzkfsrGUzBfhfC6GU21yBSTieCMBk3Nt9M6Wq8A=","gHSXWr6c1xihi1gzCVCHhrykIdCfbP42XP/SaBMWVwo=","glVS0jjTiupSoUGtWG68d0SErGOUVdwETcnQSX15lW8=","Po/azZ/PcuIS1fYuVEVvdbHWY45vw/tK+2MgJen/Hj4=","WFnPQ2HZ1VZ35YfbpowifjhN5PymK45klGpJ5FtNqfU=","0oHxduadjxtPXuFNFSsyWZ3E4N7ZGMwu1JLM+9J1O2w=","nARp9U+C4vNg9M48e768++oTtCA/VJJlo8hXgEhyzKw=","lTwECenHAJjBHPMMAFAUhYbBe+XR+B3jcOuxJ53lJXM=","v4PmyeJkPZZVLrVzTI5kWejobHcvDQAVmYPdaoClQj8=","1YZio4reTt78LEI1aiAsT/oJdSBvWFrB0edB3WJTaVs=","34IiyPjZaJ9TeCf58hnfPTcttSRhRi61Nm2HIcr2yhk=","nMsl2q8US6zHfjcXHeXUeFyPzWzJpn3VODHSFu6D6k4=","rHra5oDcTQs+mARDFvx8B3rD1pkSpEPdOCPXYfZEGT0=","1CLjb7JEKbjI2CZQd8BvECg7Yh4rSnPyTinCLvsD+oM=","3D2P94YR2yJPamd68Tap9hjinPNO5e9UkyNQFxFs3Xc="],"block_size":4096,"path":"thirdparty/bootstrap/css/bootstrap.min.css"},{"block_hashes":["zQqgax7s4YYE6oFJm2QkD5NiBX2AArwZdvmGImyGL0U=","x7yoXVagEHoaoj1TvwG+mXDLGdy2rlbkfefz+MuoPIk=","4m+KcqHyEqhZfhHRYdjvcMaLiWmq8kG57dnXFBM8yA0=","KFWQQrTm6nQDPIym/tMw9LHjVPqow07H12dX5G14Ib0=","nTC4avYu3XPKfdxZbZiYtW2+LD2L5LgJDu6ZYlpFIyA="],"block_size":4096,"path":"thirdparty/bootstrap/fonts/glyphicons-halflings-regular.eot"},{"block_hashes":["DUIK+6TJHoEp2jz/YLIV7zUkVM/ZxwjyQWYnxBK509s=","EaJIT3GtLhdhg3tvJOYn2P5dzS5C8vr5AokL0ONmLHw=","sZ2L1G/3/cleL14J4US8rGlHj16NufwMNPSIjVnTHrg=","D67Vs5rnX2UVs/mVKloFe104qDdbYSpKnsvvmEOTBeo=","/cQP0QfV0v8engQgw96aXcauED4PXSEW4W9S6bvL1wE=","KyVrij5QPBLRcH4ES964CFj70Qjnp5tEHvOmfoxsP1w=","8f2TqS2fzr1gMc9BZg9Vw3JBiPHL5OD5q18F7m3JTow=","zo1YtWhNsKfH252COTV+Oo4tPmMD96L9hsMi7OQH0vw=","fi5ZEmMqb2V5Qoaf24KlM3HQ/zqZla+VBjZgQ2mxKW0=","QM2Aa69qUqql07oWX9DMbQfjfcuq8hGnm33gqQtCmzg=","G0c5Dkpv4bg0FSJOyi5ME2wzkxlilFBr6PAi3YOvfq8=","9a+NSOts/TGc3gOqJ7QPe9brvs/WaSIY5XRuW97SLyw=","Li2Wv6bY1qzBMWp1xdFfwVV3c5tfGa/UL8ZdIlfdFI8=","cWMV4XRYcbngrUYyt4TZFVW95aNZbwq/TH9OrW6rghI=","N7+GuiEpFGIxP251yQ7F1ktL9AAw2FK5fytwYuXrEjg=","wf1EEOHe+LdZ9bji09Iy//Vm2S/i0nYVxaacyowVSzU=","7xeSE89C6U+5W0sG/HeQZgIXDyVHhACxTumhnXAVE08=","I+IAGMaeqIebb7wNmSy0RFPaxXZHgwYkJfIEIuxBB4k=","4OzGv6KDnHXtmeWmyUML2ktNgtfjC4OsBS2Nu6nQ3s0=","rSKPol330BImFqKWPMfOaJgc0C7tmOE3+zmVseTXBsw=","tDVjIBbSVzLhvpAxWvj+o4w7lfVYPWoq6p/dEk8DGtI=","FPyIC609pdpgigaTauAOeKLZCCxrb8h6y2fqVw1cJ7o=","9+gYNgInDhMyGt80U7vGLoEfsH3oj7sltR8ZCVYo8rA=","QnfWd0GlbASOFt2Kihp990OjxjkT3tdJ5D5C8exUS68=","ag1P5rQCyxd/ZaHxTOU496h7VV4WfNDnzreGElkfmVg=","ZOh5vratCC7AkAR+YvKNcxrvGGzTxLCde/LIJLbHzxs=","WlIwEEGsSgfslJRC+VGcwQ+q42sWiDK9iBQh/a1K2BU="],"block_size":4096,"path":"thirdparty/bootstrap/fonts/glyphicons-halflings-regular.svg"},{"block_hashes":["UQj8MednkP0CqG93+1hlZyJQIciadgSIQlkzFPuqO9g=","3sCb/Ral8Y5shh+upo3ZR7gr1mI0msBjOtDvOfWSP+I=","ejnIlqNn6/Fakv8AQUVxAkrgSsRImTiQFmAxopjNdFA=","+L5zRUb1EB71EhgV9Fxo7ajdmKMcnq0SyZpyT7wIpa0=","IO8iChrU81ZJhPRC6q7d3V8L9CPoB1txCv0XP7JVAxA=","CkfllfXJ/oRgYeBZaWZ5d96ndjSzl8uktfNuiv1gTu4=","29HrB/SGUYYSTJfZRctxQgeEQKIY5UF1eMTNg84xLEE=","Jg3FaCS6EeWIDET69KrSbR1aejV8kl0tE3UqO4R26eY=","x8uslvxbe193tQlYrst8RFjBUqIqo4lWWnW9/zH5CDw=","c2hlBrl5UT79AV+ypuEeUmx8Y8awJLYlL4IKv2zvYbo=","6JyPFL+/Cyoa5sGRXhW1wsrYQJLnoo1S8zgxfOF2Pdc=","qRF25AvxvZp1VJbl5MM/5EG52WJw/1IQ7moAS3vhzVo="],"block_size":4096,"path":"thirdparty/bootstrap/fonts/glyphicons-halflings-regular.ttf"},{"block_hashes":["tZ4ReWw8lCN2x7lofUv3C6dqWH6iSH/i11YX7TMQ5jk=","3nCWhpueUFCeWduPaAaHIbx+gr8PorpnNeF0WBj+zIk=","AqugiJ1m1SQmGNLvZbpRZIHbL9z5p7VhEK7UC4s7ZZU=","sb08tG9DMsNqVy3eOd2ib2hsodvpCoUv0r4as5suLtI=","2+NvT+M34sDgWPMgxomx5GN1VcQgWyNlBwfFDex9LcA=","XS/N5mwnDp03UryRNjDEs1sjZjMxjPZAvaoJ64oemLA="],"block_size":4096,"path":"thirdparty/bootstrap/fonts/glyphicons-halflings-regular.woff"},{"block_hashes":["x8H3vJO6KKS4+GI97KSNjgGFZClwivRQxhVB7hJ7mhk=","cjmKtvlezysLIrcpUjE1/eezGj3QOxsKL94t5eAMPWg=","okvqaADJ1XLyLubudIo4/jmMtmadT6ss2+qdKKQwdzA=","Grvfrctd0d2maQtDOhpGdNTeLMbSu/bbhsuJ/7Z6eGc=","tK+KazDXXmTkYt0j95d1yTYiDsPJH0dZrBuXp8R9XMc="],"block_size":4096,"path":"thirdparty/bootstrap/fonts/glyphicons-halflings-regular.woff2"},{"block_hashes":["dvS67exJ9R4MZ+2as6HtgbBgKEcmDnyomHiMGiqEI9Q=","MTZh3Yc5DZiBHRgo6dsaQG80y0lgXl7JXge34bVpbpk=","qKCIxKWJFa45jQ9P6JsHLQlpq1izgffCu2pJ9lYAacw=","dX9uBOuTdCBJ4CYUcC3zemBdrSU3aHZHYKzV9z34pQE=","8uRO2tBrz8I6McemaRP4QesoAUMvrugu4lKag5UugO4=","eS5U7iP9ufZ32cdKZlNAO6+G9agEdFXG8sji62P1L3M=","luF/f7kGo3Q6T/qLsqawm+5grWjwRMS3Ikq1009ecIg=","QMP2YZ1gWuoWfsicY2fj5UzsKatu2BQAVazfFcZfq48=","3kl0OlyZZkE6sPcm2YqeIj/MX4JNUbE08NM0TU/f0Bw=","hSVvaunT8YQLKPOJKF5OyW4PlKNR+QqE/euC6TRx9zI=","lqqS9MhgkkwHqIYPvcUbNdvY6hiXf5udIV34UiGBTOc=","YTNyM2C2o7959y4eilThqUEI0dM7JdoI96BIlugn/Ho=","SMGKJnyYkH8ukTPjNLzaIUO2PiHakQoe4VHaAQ5fcCY=","lyxs7cfEPPXQrWhcVd6iW1RljOdQka/zcPLwGeg+RfA=","gLwqudQDkMQi5zm5G2hm5b/ax/ptkfyclhmmTNx6SVc=","kPXhMFJ5nc20nNUvsCaJxGIlG0x7FOGVA2diSZlqm7w=","LIzB/Swr6TQ4dvaH2ZwBOvNV/fi6RE88HXFnCzyUi7U="],"block_size":4096,"path":"thirdparty/bootstrap/js/bootstrap.js"},{"block_hashes":["EuVj6JUL6m4LzYTRIdw/gs7Yzl6AKwMKQLEZbzLI3ec=","aKSo1Tft2kZ7rxvHZ4hNm1jq6BMChgAMuJaO+upiFZ4=","RApOQ9VVkV8TDrybqG+chriwpXG/9JHo9gvj1+DNkR8=","XRTkmtZNV30/9QgJbYNuDZ8yowkFtFYAfQSqGBKkU8U=","UEToMolccQKpE+04F8hs/SPkJKsZdz7Xx5tGbG+ZGg0=","Ubo5JIlopDN0+G5MR9Ih0PoHtQCmSIjZII0fkWXSy6Q=","JDbvxWGgMY2G7eIygcI5SINqgbHc2lI+0ag1xXLqXn0=","NrSPZ+bqzVtevyKbsYvNMbgLYQsHtr5VpGmF4oZsGRw=","EwL/FsbL97kPOr0OkeMKjHqi+iPoe4RoaggOXvuMygI="],"block_size":4096,"path":"thirdparty/bootstrap/js/bootstrap.min.js"},{"block_hashes":["x6qCoap9RSJKONkm0q2v9/5K71vNr6Kke9rAV/RCLC0="],"block_size":4096,"path":"thirdparty/bootstrap/js/npm.js"},{"block_hashes":["MDTrsPfEKJZkj1MD40mc19/k2wEPlXj/RftCryiE7Ws="],"block_size":4096,"path":"thirdparty/font-awesome-4.7.0/HELP-US-OUT.txt"},{"block_hashes":["v8diZKsJGDywFMHFYpiYJW6/FlYcPhazDeEgrE7gYiU=","Whyc31AHAE7rRcEdTZ/vEr4Kbm4AZxy/C8RposLvkvw=","WdfaxA8kHX2aTLuQGX69MLtAEtOw9gJfUmaHEFJ8tt8=","hnKr2Gn2zXHW2Saeh0seD/fKXbKuLksgFpot6gW2p2Y=","DdmbKfAvo49/kmRAo1nAbKeoBuCxO7cCFkUjCCgnzCU=","NcFhNufHIJ5o6JP7QaY0GXie7FAvXqNGmie3quuQMzA=","Oo5prY3FXDSPhw5zNA3PQXiwOPh58tfcmzFQ8DTZlTI=","xaHlZjyXBVGmGTKv2WRAesSI3uOKBZTK86D1u/8MhwE=","FSqfcg/wMqC4bjZVx+2Cn/aev+u3vPk6qR9rlGioJW4=","lQamcriUELSnn7R8a0rOk6N1MrQBUFOV5Mptz34JLUQ="],"block_size":4096,"path":"thirdparty/font-awesome-4.7.0/css/font-awesome.css"},{"block_hashes":["xjrtyUR4hg31YErUHJN09eMyecJdTuoFhZxRo1aHPio=","Ew3WCP5k+61WJEs5d2k6HWhpBflwLgpqUXPAZ8nDxoI=","I1KnvFCohZpU+ZkLDp3EqqORkQaGBBmDRYZhXxEPyZc=","kAQju+5L6xubb2nZlhmyPqnnBCnFumO2ZWkE3Es3djw=","fn3VDqydnTHn6Rd8am8JVU4QdIuR7RZXSOrEUNzr2Ag=","M1j3gfIabsJjqs5XubMFKoN91UoAZhVN3oEBb9Z6Zfw=","CxIHUhCkNLWTNT2K8+zltTYB2o3+TUG6MwgQS6Rjsi4=","RKPJc/0qkvpKA/fOYe6E4RcfgDOF7oGbtWSCw1QXW1I="],"block_size":4096,"path":"thirdparty/font-awesome-4.7.0/css/font-awesome.min.css"},{"block_hashes":["XPMlh6qtXpVqA3WCuZCSlxL2ORgXPziUnBuXEfV4STA=","VYh5O1yPmPAzqtbKABv3yhzu5GoAi2RKl6CB2Sj+Edo=","jq0/VGbP3TZKkuHiOFrO2/rZOWJ+qoHQT7TmV+KuevI=","jJCbfiL2nQDzdFXzXUlecOcamMYbciq6LwgLjbCSpOE=","jepZJbGXyw6yN0q8EGy0IF4HCrDdLPsHjRU6+UlvFCg=","FXX7k/7y7ZojGCPO1BSAKV7ScbkJMRFw/ywGMTKd+00=","OiouMI1deihrypZ8beQoXcYuOEQYT4H0Eh+bgj28Uf8=","ha4uWdPJi0VMapbxjpr0UHxoNsaKhd/IBU8crp5fzmg=","HvDYrLSMgvFRCXZvi6pMrWYT1HWqJGqiUiGZCNN8Pb4=","5KZBIPBN3pYJyofqyzWeVr1sg9C0rGMo7YM5axiu4X8=","uBVjF/4VBxKoJWiFiOTuvpEyYUzcQr+gIeFGM8ackBA=","wj1ldqUD701LcDMbOESOmR9iZSvaDemPRNiGYYxCbJM=","avi9b8l38wGTmyVifLCljdQ/7xxV285duQwB9dyNeNY=","N7ICQz1ELIkQkxN955VtSY3BRLYGDH16QdvvS1zHoFQ=","3vIvmDthNDsCfbHuIjEtwhhdlZTY6sykMutRoplJhYs=","pH9jdTjAGrvZTEfYqMAZ+P68oY0eVSeRJnehG81ih1o=","WL3tczKTREvGOrS7ezS3yEiDEH1K7QcNCMK8qICaweU=","pJR0yBVr2PEDalnpZsYMx6D24NJVNak4gLOOszF87cA=","aI08v3kkHmywzviaFfSeiPjfDjEzGZzK/zLn3L46fFk=","MHkR0cydl3+CbHCwcXIr5d3N28j5YxWjsvhu4gilLsU=","+xTXwOF+59BgMTEU4pv4ZFDGILZERRfxCOoZ0KnFZxQ=","V8GMatfkqAhwr4sx494SQTUIJqZumsSlGoJFreWK/7U=","DHWnKx/3G4bctAUJHAsLmt/8dZQ5NUUGxjJSEOTdFc0=","a3YdAhQcsi+BXw9fOI0UyWb9TZsrK5f4NyTRWSPrm4k=","UvJQzm9H2nsSlJ34zVC38PrgiCnr7DisF1noul4jU0Q=","sikTD8K97fjwltuEUn41Y6iAIVtsGIzVEcXn+QiSOzA=","T6XCmXRbHU8yHIIWM/vPRI23cd2GQwZqpNRfTHFTX5I=","hPXoZr4kWZhboyrNIg2PWLNS0cNVsy9wPmIjNC4jNDg=","H7b5CDC5bk0giO/cWlc+1/4fwlXcwz14d/0iWlGD4CI=","c8Rf7A/cFn6Spe1d64FIKrhR2PXRdlL2N/9fpcg4NAo=","8NJwiW5f/mrrxW9VfrZU6MDrICkTX60VNanbcxWKAjU=","LlbBC9vkAlTZG78lNm8qhT7Zp6bDviu557CuedA3p2o=","pgRXdkY0iFmabupl3UkgN9ShKqpwQ+oor9d/mSK3wKo="],"block_size":4096,"path":"thirdparty/font-awesome-4.7.0/fonts/FontAwesome.otf"},{"block_hashes":["3dADuDwGo3/AxneuyGsIm3HI4TqjrqAd81b9pIjG35c=","3HyKAFArVugoWQ8xVsgYAO7NjiF+XjLcv5pMMjOKXow=","QDKURa2HsJHrR8qiw9P4Ngaznh3Gqgl8Opu2J6EIP+M=","cJ8CKNaJ8lxix5eVGIuT5BvCWnshOm7iXLFwuqdKSCg=","1X8i4ST8tI6JIUppHEBVQz1hdXRyYy2FbW4u35uwhn8=","uHN2C07pTowboaZEj/FIp5wffH9qQbcgoioYJl8A0sg=","8iWr8byLqXQ9FIARhdhSGBa0y1O1uDXS1UYMlF4/R+0=","Ax8YFRqymb1mM2TU3UcoiB1r3TnCyQsPSb/Sd4pdIW8=","5nnQgCxZ7X8fZg01EkOtpqkeyEgEa7WI8v8eczjdlD4=","UhC0oYSmKTCB687AhL9qW6Gu+hLdJBP6h+c9EpItjnE=","Wv7eZ2tWtg09u9GDr8up/NQFwyX9rYCQ7GUPMgY7c3c=","TO4EFC0SOcYlyROkfpB/iWIjBBi1flP/c1bKT5AOnQ8=","WWNCVhJ4YSYOtgQ2onuHZYnpE4WQgUvUTFWfUrZQTSU=","li+Nl6+tIztaicILrcozVHv3zGoKrRzL9h03RCZjpjs=","gSpfc1bDhgMPvfE/xiH9C67RMBvaT262tIoeEN/U+d8=","Sk0bCCtjle62CN6f8bqbC9iIbUwSlZXVCJ0i0Gbe7T4=","sIBEV53kIMHAQJ6eI6ZrQI6QEU3Bv35zMSkb+kKUmgE=","dE4utr0OEjHLpf38Gepx6r5OC1c8lr3sHzFXdC3cL44=","WN3OU/UC5gBD2OAnN1KEv09hpxXxQp6leX5uqmN5fJg=","8OvU3ublqWFDck581N1MIo8XMEf3mDqZJeAUnWr/Oew=","ZRwIU9JhhMvy+5h0C2cVTnF5ZtcBMuqYDe3Bu159AKw=","vbwQ1yMHrhsk71fWp9Xopa/lixt3U55kImTBg2yZBiE=","75z9QaZBXfv1Ryi1gasMoj+5kbpniy5XS7wLp8h/7qY=","XQwopFDaAMpFETxQHOrK1xW62M3Ee4qh+ZQd3ET6s0E=","7bKIjJzv7QsT2zu5ti1ujl4zjgg1CjyRfruIBRlsd5w=","u9se628EW/DVtNzal+FNIWu7xTeu638mB1vizDMWM+E=","ciBnw9V4ycDDhRvuJJTVDbbc1cAWIHmLVZpuuxIZ/K4=","rzWfbetWGUYoNfe4rxdwHBGMWkUI8E3oIS+TZEDnAK0=","mx4LhOnsalh54gh8T3aGI9MO77xkY6ZHOzOR7dbs6/U=","1Xtmyw1kG0Ttq6gvLDDjqpssaqxlKCObNoaa+6F31UM=","Cx1O7IMJut7Wm2pJebb0V9oMaeCaJ+6LO01jFaKQJFQ=","OsQ7vDO/ssVO/SIEh4dhRiTu1+0Bbz+wfoSpgaXhS18=","3s+h08KA144nesuPDi2XJjhXEQjE2cVJ9FPQL7IsGyQ=","obxis4Joyd68Ldwm4YpjSH2wfmUZuJvBmL0RKp9q7eE=","1VGlOzN4laPaYgM2D32qBN87AqHuVVP/+VjcMFHJwoU=","3+l1XaaMFk7ReKsTXW77GulT01AZvlrOJEe8DNqDNWE=","6RH5IjCUwf05MXeI6L6grBci0ZvuadapoRvjsk4isQs=","AsL8utaklcuUL6lrRpgdkjoHyZEud8HxMCcSDJOFx8c=","wqLm9hmiytyt9ZYVRr4+lUA9rf34D1VZO3rg0ROREL8=","3cg9y2alL50B6iSSVH6EFN6/h9NcEyc+PfNZryGjPQQ=","p19e4ddXOsoNHfjMbPJbwyFa28w2fGO49jZPUOF8Yxw="],"block_size":4096,"path":"thirdparty/font-awesome-4.7.0/fonts/fontawesome-webfont.eot"},{"block_hashes":["0y5QnP1/oxROmu61uK8kHrw38CkXwk0AnJn+/JdlftE=","wek52cjEEatYt3JW4TbQNp/sVNjoTD3BERyZDTSIUng=","PIFCuIQ6PeO6Kpl+uISGZAhVF6g+PQhFfkuWtjWZJgE=","mhvKpa66EgryysAgzmEFFx1+w2W6kNaUafN2PkVymNE=","qcX/RTc/S38YPz5fndWp005SPnbwqyYZ07xkHg/YhRU=","RY13NSaU1MUVi7vBwOQyVZMpiddcNqQmaki2DUefdvE=","Xv7uIW5lc9sF+KQMA0Z/ehy6OUo0dYSrSIGhXD+umwg=","FzpS7Wew/HB2NF7Wt5uSYWkCJtl3z7epWGX/r92wZLk=","+ZnGjIokkvXRFzHqEX/JywqM2BrEbHax5emVA9OVuOg=","1sS9xEfGDv2v8btL7nnBpZ706zTHC/2ktKo9gzYPKjo=","R0rsbRJnltYSAPc2NC2CEwkVDiE0fBzOgTkrkOB92q4=","DssJm5V76fpQh/IGWjfiVUd3fUDeEbZVrNNcB/7tms4=","UbOxxGpBpNraaLQybRgu7bmfCdv+Bpjj453iedK7R8U=","A5z7DSVcLH5AMo7Ikt8fEW3DkMDRVYmsNsvmQxjY/AA=","MHws5Ic+zZSV5ciw9VwjLRtrirD2t8FURWas5bxoEBc=","MOi2FHegtjkfp894aMl1p5ujt5RAJSSRKXwXJYTz3Xk=","v74tnyA/x5sUVmlMlSeUUwwkIG6VA3MpnrGUwpG8rrU=","J9iNuKPCBpzf5SZxmovSLP333DASud9V9GTX2rpyWIA=","aSwIKSkXOFqJ5ceEd2BLwJc7Zf96sT2RtweahHk3l2I=","5j0RyuoadAQvWbO9m4ItvCAhFDHC/GPEMpjGUmQFpjs=","1BBMNOTUBicVk1O32BdVoL9io9MfkCrG8/W4pfweLr4=","vpBHPYKdtxAVFPbTjPaZZ1fWbqPZDzH7r/R/It0dcd8=","6hb4/ceSsMuWe2yIYcIUp/qWhaFzBY1L2TqEK5W7oTg=","QfLNEmwqlqC5m82U/+rTOPe0fwGj4TZWgAWIDfMizck=","Cpbi8ykyzRVAVrrOXNKxaDiLZ9KSUntaikJvANFpanA=","RkwQ4W0iwSaafgs9D/w78op88al/0y7g6UJ4PTXw568=","ur9rlEo1cmkx9wTWtZ/VuJFQ78eyuX77bHSuXAc3L8w=","K5gIfZpXsAxHk99v6sN28v5z5khyOrWK1LqtmzVJZKY=","nbIqLx21Mtn/wEiI29nva31BnCGg0L3mSRKN9Y9I1/M=","p0ZXoIjU8xJqkwx6ZG7b/tx8lIFtU7UGAdGcatYBwuU=","ywtLJQkhy599wcEpjUnjlHZI581W/TPYncdhibUS5hw=","QdDHFRYoKs9gyMvGqAXm3+5L7d7M36opCyl5zB+MTyA=","4dRNr4gk+IswJ6fFpyfklu8HVdqnhN+eh+tZs+zxZ/M=","GNhcW67Esz6uKXab2dVe/NzeAN9T528uY1CwkWYOg/8=","mz7qUtc7eA1kRmGu4XpCYW7hGptQIdLKiVGmoxcbwUQ=","ZaHZs1JpnTiiXtE74rdUEK2CZHSwfLElM0ZuOAnY8no=","+pXTakVPHdW0o1fs/RX1LD7eIvB6xQGPRjx73WS/Gc0=","u9i/TUSRRvex4TACn/5GWfkQjUxnetYsooXgnAwbuj8=","qr0I2yy2ty/lLNjM4g/yDDxugwA4FxQoUhDFbSdSeaI=","SKsSym6PSBQpMIEfOmwn0RbfWt0iL0LYMntnvcIXP1c=","99prCg7LC/h6eVDywcL3LcqgCw8fBdzBR5vbvmhFoiM=","Zq6O+ZJG/Eo+OYc9wxrtssQ20EBDodUNEObL/SZfAjE=","rF4u3ib8eeGxHQ8ulrqc02KjQJwHiQH6ssiu9r1Krnk=","eIQp+r8HSC3pJHuftqOpvSncQHEpR4w2vtw21QMmN/M=","vORSnInNrh2YlCv1sDZmZpqKzHDy/WPN/aJlc8H63I8=","uCK5qGPQqujWF72+Binn7eoV+h67KrIugF0l3SeuzHY=","PQ7HT5tCt5V6XixXxQCNCKjqpxgyGbSXze7ykhEFr5c=","KmzFDO9qgLQ955HUSxEFd89/NLaIqz0zTQp8mKDaUI4=","kOjim0jyNv1aqjC5IAq+snnUMNSBIjf/N24761DezzY=","uzkodeWlDfppOpmQ/LTcn4zbTkEzQOHTLNKK03gbLZo=","qDoG0ccnR6TTGYuXX/TvAhKA7xgekpZk7pNDMPm4jDU=","2A4OodiB11GpYh5dyaQx7yNPIzEzu5A8L1MV6sLsj+c=","vKW4Z3RxF7uGvn3l7338AldOcPAImSptUmkqgte0Sm8=","l6euVtSt9MKGuJ+PcTIr496nTADqdzGrDxaZqS/UuB8=","UGHmWqBFmr2HPdpfmxOPd8oVw3WkaVsSCHzygnQRxec=","AsgT8aYkpXE/hPdV1DCSsjz189mt/fAbyd4NK9Tz+RQ=","O5U+ytLSMEwiA6UMYOCOI0vsZ64ERNPq4z7DLDrRVt0=","Df1w9wAGROm2X3NNAoJAaZPMJicyCrEgQgh+1J+SLyY=","hwvqwDhV8PbzThjyyGEPMk+g2Gq1jlNzSTnEA8RzKgs=","1y5WWoLF+3aewA5Nt3m29otQTCbKGLmYESO+ffFKRFE=","Cq97MxVW+/DT0QCq/6Z3Ie0XDrv4sBeJ+IRbxAZa7iE=","FfZ/FxOWBm9QeQiBVRoCU6zdwWK+pz1M0HPnLKHGXJI=","3a056TRZNmLHMFHcVJFPxBzx1gVMuxAgWL5+ZLkb/pE=","nVM4yu3H0wmVKSME+1r92R6NNaFW30Qfc+HCO0z7KSg=","kl153r5LU1vn/Thbd+1oqDlC0ae48M+s4p5jvM9F920=","ckxRdwRHrZtDO+F2S1qK/4HZvkvStUIKTRqSd9BIbtU=","/nhZRQ0hV/+QP06uEPpnI9mQuSLRDJG3M7hi9mVGS4o=","BLQYYhh5SzH+5+IZmIOtIflLAQTldkrIgKp8fEj8/lY=","mEFnPgvEMmRyRuFDrj4wFEu2//UdDn4q98QxfOn6cK0=","jDOAp/eDRRRrx8jus55+cwosnJiKfnkFJH9Z0WRKZjk=","VDnT5YUFo+mdxhHdqiXEPGevNCT52GVGVBS5kPrBqB4=","NwLXSDiRgwWz1798VPZ8LLSIS90BuUbg2j3NXCgpBZI=","2TzNtGHzuCD4nHpMQhxgo+OSczoRQnvAV+uFy9QOkVk=","nmirUdsOsG9+8W4ZBdQeDLXxZ40buyXwYDNNwaXzaXs=","0pA16XAmshzZ6XXkmrsJmL6wrsjiFqpjUZihp8sr+W8=","V/O0HhQZAq3Mcsl93+kTRgyOCqqZyJbRRd4JI2/nTWE=","SvQIVFJZ7A/d//04g81y6JQzXxj2W/0URZ/QiibmnLI=","78F4WUhEMuz3K95i7fg6nxht/qVbXS/DwTXb1WGynzM=","etQl2TMaewkpA4i7pXF2Ux1qlMJG/gl250z7NxeriSc=","+iTojhAF1rNfawp4JKGQzMVShyBRC7bc+MEDc7B5gSQ=","FLPgB4zgIKqhGWlpplY+gpJkHH5fnnlhwf96vw5Fgds=","1STmA+E5s8Wi6xdb87JbENAil42hDAc1W5GY53v8ap8=","6FQtJdoXSPgJCd0OBX4KqPsUdZj1UJ95SeSjY0v66cA=","jOdipCoMH2l6NsyUaPYTDwEScjHNCJo8C8iZbI75mw8=","jWpEouzhZ7auJ00/vx9HzumnDst5kEkjU1+y9laNAn0=","rym7pdiZ6Wo4gocqz5Qy9S61alsFThCoX5z/FH/8Z/U=","740aMyuJoNgQUjYhcNKh7QUfThYnZx8oloqbJTBgTIw=","3CLo+VAmDanz1gW/6vz2IxE/l6uFc7EwO1C1z0pDhzU=","21FEdiJL92PCPSg3duuaSK1VblGK9+R1qJSurPnRdvc=","M0cdAV8Yg9P6khIuqYbFXRhMS1jBLlaQSbhsp35U1ZA=","I6v1MvT50nXD3u9erbvy122QM7rEW9FRFjbUlfFzKhc=","NXsHe9u5b/tTQiSUyq8vaYlFAFB8FC4VgQeguksV2dU=","whVFosiuVgJSANV/dvOp4znPnj9TQcstDD7hxmFJmCU=","36+rn0mSM7BHI00qfA0WYTHsgtlM7yXoTCnO/8chE1w=","z702qUV7Sml028Qkqgjsl+pN4eAwA+bZuc/h96nmtFg=","iMNxigFr4VA6ugmMXdYsk2DjturcrqyEYF5lZAPzX10=","I1S1Fzz2zMc4ADyVwTGVAdyTjhvkl7ngQo0IWVmdmzc=","hnJKuunYZkYITEO0uJxogMXzShTcNXY4XqOb9ZF8BNI=","DFGUuF1RmTThmfAVyEunjOWeK7S+SIY7CGuDhLh55+s=","93Zp09XVFsYm1AQoPyPeCTX3H9QE3a3/a/QdzbgM8Hs=","URi9UTebeTPAf+ztaqYj5bIpO00vuPEghbV1ruIo/gQ=","W/6oPVznZYMA1t0neQEoznqlVYLLbvHfpFCDpv5enHw=","LCzF5QYsXOJIHg4XZf/RD1AKZTi8kyohPZgu8u+SucA=","qoobTNp1GXByiEW0Fo1oIl8QtNUeSQyYSxOupvxOJw0=","f43EZxb4tbCouW+f0CDWXHpQVEQkdEqUEJQkAlV1GYA=","ait2rCe3y2FCMnrLiYVP2RfKTlCTeQk0powo/5sGQbk=","Dv+AWnqMzx1dWzHU2ad9JUwF8XFsvT7OXYj2V+8q4e0=","rc7goZ2WdvwQ1XvnvjkWdKaRpi2ODlRTCYPoneSjnuE=","gJUwXX5JHuHDIDfy0Qkn+N9RnK4LRjHq69qLi0KOGM4="],"block_size":4096,"path":"thirdparty/font-awesome-4.7.0/fonts/fontawesome-webfont.svg"},{"block_hashes":["kmpEbUGzOmwhoH7hqtLfTVEbLvdh1fA2LTT5LDhSNoE=","fyGF8CqteBFq5t1niS0kE0nOAqBK8B3sr78+IqaXKH4=","c2Dl0ga4EO/O1RJVZNVA7DZ8bqx9Gpce87BjPBY0Lhg=","46EIG9UproueasdxiB6i7Qi/oLjBO93OqlL1V5Pd17Q=","on3kr+haqSemdR/lGI/3Xpf+VeigD3cH7dke9BPuzek=","M2LMAfLQbxWvJGmRCTj93+roM7P//W2Cu+Zx47DEnXw=","ituQqDakpbYtrL09M9pMZ2VW+WZ66o4I9xNkTIzNRNY=","QU6t+UGlD+nOB9r6lXAvQ5BifR9VIyy06NsWMgnIkko=","ad7qiW+fMRpjsSfP8jPyLd/XR5UfoqcE3eScEZQowmc=","qkJg1m50+Vr9HRoG+aIPUxkW0BgLPmefISFxYaof1/s=","0OeTRpmqiiGgTN2qYU8NAX+/EU0PaGHoq2z02thjPUA=","NbOyr0+5DKjhNAUpbZM4Y2BPgIm/s/WH75VjhBLq2xc=","e7HTcb5KjKyN61lsYMSA6MoChknM6bKOuymXZ12GRHo=","dR5860jUJSHJfc8LDXCNpMZNhd3JHvYbah7vMzUUEPY=","U8Muhe0D+tO3epwRGahD1hn2qVJCTVWT/O77kmQETMU=","ddxPNrsABCKCS7wz7oHn/0ORSVnJqL8elMEA/A06Vd4=","wyXnxdyFUC0C+/v82suUe3T9ASePpVVX1EgKTJ+CFrE=","C2bkN7v5/KYGd2UzXrytd7Y7UyeVkMvYtr5R5pz4TYo=","zt7Ng1phZimZux7t/O3OOmdIH1Gt5m4z985fmoJtxoQ=","5dP+jRmcJ4aB8GkYiLT9voFe4SpL+lWYkZEVRYLOYzA=","EldaJkys1jk6114ypWWeKTKcOgLzUT/GqjBzMAzKupU=","xLlVh5175KDP0pAplWciwlyqKRaPnLWTeBYPTotfkCI=","aphcQ0YbY4lvtEUpwU+6Fj1kE/no2WMinLKJbIgVFo8=","DveWcpk1xvJLLyIdOYfDrkEnsnMchJRGyWg6OMqnLg8=","dvV59RFnVZdLtCHMEJBMGN8bxqMxf9D7ALhnkTgzvFw=","26eRSb7WbkNgpZgVNgTu3Z37VpzaFCZyO10TB0vuz74=","NlLr3y+rvpujh6L5xNmSdZsxYMfmP2TIDdrCGcXF0hw=","jNYDIrA0GG1zNhrI9+D9masHzCiusKzIXVgQLHh8zkc=","v/wFr5bcPd7x6JFlR705ARIOj/DmVdtxCECuTuFYvNg=","eAOwDGNKg98MKl/WRby4HuiI2JjSD8aHLirKBLhMyA8=","/sLExoOeAZKjoQqRZ0LceAUcyRX6D9/69nw4R/6uZ30=","TgTRWruRo9w2oz4g6lQpMaSBtS4HK930vaZUoEEi170=","GsYYZRhG0xt6iJVQQvhelbnivTA2YEjUUMhTLTRfbkY=","tsnASlU7otHjUGLSEqm5xg2aZUx8j6+RTDaWiwoVyp0=","DzwjQKeL2Oow68rIIegUBcmFD2PUfxBrFV0sSN7XMqQ=","yvccoXML47/vY335RWtRtZklXcj1uknlhvyxRXcjRxQ=","GXNYpIZL8H32Yqrd1k2hNudW7ofsE4bspFxQU24N3nM=","w5HO4ZY1gBqiXezZGbKl6yEkw383hoE/Ig6S3DAdU1o=","eaO4u2i9Tk2vFKf9akSefaHgfbL74McPNyv97D5wOvk=","X2ieRihRPAbbTbN8Z8weZrEQ4fpnwbccMirsSFcYYaI=","8gSrypf9KPgnX4tY+o88/OsUTedJrEbnn+RE6IFEgBU="],"block_size":4096,"path":"thirdparty/font-awesome-4.7.0/fonts/fontawesome-webfont.ttf"},{"block_hashes":["YN9JCAZGku5VMKI06Qp2WJs+U5ucFqeAQZnVahKeKMc=","lSiY4NVHdg+QhbPZoLSmja2LCNQ5JYzIQzJRbTSTyqk=","bA+W2N0srKM32wsPt76UwSMXH9NrKo3WJ1kxzDAgbqM=","BY5+S/vWm7UMCTrCkrmVWvrmpgwlxVdw0J4V2xYR1pc=","oxFxL7Dr7LJtATaINYUFu3XwTHOycRE7cVW/gmPZ9qY=","7uwEbBu2fRkN59yrYTfy+mKINr01hjHgYDS+uI3N2lc=","1Y7OR1RauAWm9PMXMwYz+vrlH6wuhv9BduOGVWgGS+c=","w80VijoAC40LDq66NwGLLLEIHhV7EbIXirrHuhPOoGs=","bhM0LwAh4i92mKUJH8rzHRGgDmBwf9bGMA+bFZHjDD0=","LIQOlJismA9zMZ11qSOh1alRBwWwM1X6BInI6y0UX9w=","6EXhk3n0k1TXueko4rSHw8v818xfdaNMsLCUfl9P5eY=","mZyoiV2X+toY5DDEiFmbLrA+BTaH640he5/hjnQ0XWw=","qUNa0rSt8H1BDZS/A66EMdaYTmCjd1NOeSSv/gn9wBE=","wOvinoVQ780s0m0T1623JEsGoxALWDJbhXcIww/OCMg=","Av8gapx9bjebvaT5bPTBj3NigSgr3aWqi7ADEdczvkU=","hLgFxg0XbqfNL+b2CQbJtf4xF9DSdu/k8ARFylN0LXQ=","0Odx2FBmLdb535y/sVBWCxQqkEu39uCoRq+Re6LBbLM=","XuthOlpfy5MMbKcDOF5PGwR+tqpN622qc9boFqrY/to=","WTBUfNCSWBZF++5eWJXM5NDHS6q0G1Ygd6XCwVNWJyM=","eVi5j+y1U51KwbG/RT9Of+V0gvLnLlt13RDCKX3/YXc=","RlL5dOOKEtGfV/sONipUaIf/3ODGYdvIBO9h5wKsy8w=","e8vYf/8fCY3SsF07FeX7vqeVoqGLrzGAHUt1xizlZ3s=","YtbE+54FUuqRwH80VOMXJB3t1dR1MI5cNT5hsdOXcrs=","l7gH/Uv7MqUObWEkpdYT0pCuIFgZ3xfuk9Fl6Q525lU="],"block_size":4096,"path":"thirdparty/font-awesome-4.7.0/fonts/fontawesome-webfont.woff"},{"block_hashes":["1bzzS7/57IPZuivdJJgcZBu5FzHgxWqd91sfzdNdvqA=","905NYkhRCrdB6+Ou2eslidPyVBHLbYp4logf6klZl3A=","vmedNkcjT0K6POluu2jV6Hx5z2Qm45HTL6/eBqRbZVs=","ikpjj422/17tcxcs0c7fODz3r1BBecCH9sQNX2lmHtw=","E0x5cpBd1GCV4xf6h54ucOKRM79OxA9LDrkiH8F175c=","5unr3imlzybPhhjp5vymw6yEOe7fHcIIRkGmDdVV3SQ=","fu2ZQJxXJaOzBqX2PgG4uKGxVrcaguKeTnXlXNIM308=","QRqeUZfvbfWXAyx4xyhuYUQ1+TwxIZWIiszpDyMzPSQ=","CSJtMJcrBjR3vmIF7qsSeobez6nVA4vDxi48eDhBKkA=","1TSMB2vc6ypXmvtdBWOCm6Jnw4iL8RVr9C7JawH+A/Y=","mVZ3E0uj51ROLuMY/2zUYS2+GXoBH9Qy9n1U5RA8xGM=","J7j1vLV5q3ueo2OsjzOlSy72PSEsQRFznVU84z865Is=","4zO4+mgrQU/TQ9UfNpRqmAeZI21gq+fZcOaKwzyfKnw=","2vYQK2gAS4RGU9rKwDNEwWeEzm5pZ7tmOzTlnM9/Css=","Eh4vuWoieddZpwBLgKbL8iNE6s7cHtWUL2gxyoVSRd0=","KMA2uFvpq/4RcZqHlzjF7WNlyOL4/fWcJzFp7Yc/qPA=","xHsAgQsPLrcK+KqMUgOd+tovfRKptf5abC63NrF+LN4=","L8UkA1HhTQHCVcnJaKhOOtY+TDtsSo9oCPi/Am7XB+8=","FZiyLf7bloiMt49OMHw8XK7PjcSeE+iN4My7p2T3+84="],"block_size":4096,"path":"thirdparty/font-awesome-4.7.0/fonts/fontawesome-webfont.woff2"},{"block_hashes":["xwNUI9Wh4D02vP1kZUgeTE1ckfMW+oeKblEDr+Gwu/Y="],"block_size":4096,"path":"thirdparty/font-awesome-4.7.0/less/animated.less"},{"block_hashes":["49FoopK6M9TjIVkZljowTcJXMqc8693m5+vk1Hq0PrY="],"block_size":4096,"path":"thirdparty/font-awesome-4.7.0/less/bordered-pulled.less"},{"block_hashes":["pKk9WYE09lasbHoKXzda+pQeceNI5o7PPNb+t2Fqz54="],"block_size":4096,"path":"thirdparty/font-awesome-4.7.0/less/core.less"},{"block_hashes":["DvhToxknQtIH6g55Pci8xjIty55Q1B9LmBxOusLax6w="],"block_size":4096,"path":"thirdparty/font-awesome-4.7.0/less/fixed-width.less"},{"block_hashes":["LfYjBaihTgnsrVihVaR48cjBExj0BTYL5oMhn2Kz6iQ="],"block_size":4096,"path":"thirdparty/font-awesome-4.7.0/less/font-awesome.less"},{"block_hashes":["H7RbF+b7+PBpbB1BqpTg3Z9axBqEL5fJTYigOSr0VAY=","pgiddDLokQJJ4ZEve/v0my6gZbmfDlTNmtkecrrJIME=","IP7YFiAUXWckF4DbEyl1pdorY7kpkl4Sv+JnGWo7ww4=","D0yvg0TQ3x/x0oX208QE4HexEiloXMbIkuY6ZqcSg/0=","+mAdpok+oVUxmHTAJd/GqeQZlxnng51FwCXYmoWUc54=","ZR/+huGXi/D9JC7+TbiAwarFTilx00IdmBAAywPBXoU=","uJSb+5vPAU/6EiN1IyjlYCDMcpR6FJzwBRwXXuvH+Vw=","hpUOzz1rzefqV6m9pDCQKD9vjg7dSURPYvwf6svVH1U=","yBDJqO9mnciFpBCmy/2zplL6UD/d0qEemrDHSq7nwhM=","UJT9BwHIhJtIVPpZCnjUIjMABmUumfia9nOdvrvQypo=","mTSA2P3dFrd0ZSVM8I2AMzy4iz2FTtzbcu+JElJzugE=","4tVOa9R2DazOVcUyY59TuCTwwQHJsi2mkvWfxtwUaZc=","EHhTlA44mDMwG8Qql4fcMdqzMBgc5f/0ZSEwJgoF19A="],"block_size":4096,"path":"thirdparty/font-awesome-4.7.0/less/icons.less"},{"block_hashes":["38edQyWATpreIatlFFsjscQZPSSok2kLxHtcBznKPAo="],"block_size":4096,"path":"thirdparty/font-awesome-4.7.0/less/larger.less"},{"block_hashes":["Akq7kw5mafIV3e4Z9YB3Vx8cq7eu4SdL+WsibClrc9M="],"block_size":4096,"path":"thirdparty/font-awesome-4.7.0/less/list.less"},{"block_hashes":["ZcS7cTh3IEP6/SFnt0wP16wV5Xunh3rezeSwmSlQZww="],"block_size":4096,"path":"thirdparty/font-awesome-4.7.0/less/mixins.less"},{"block_hashes":["oNy7zTl29ZEWJowQl2fDuY/jWIcvbp/BoNJqM30nK48="],"block_size":4096,"path":"thirdparty/font-awesome-4.7.0/less/path.less"},{"block_hashes":["1n35VIjuyE0tDK95cnglqP9LLfkMYEFReD4+wjiNrTg="],"block_size":4096,"path":"thirdparty/font-awesome-4.7.0/less/rotated-flipped.less"},{"block_hashes":["sy/3ghp7CmSfkgKgLuuM6I/mcetS1h7OUKq9vOIREMY="],"block_size":4096,"path":"thirdparty/font-awesome-4.7.0/less/screen-reader.less"},{"block_hashes":["P53mw+DxorxxV5pBfXxBX4Lyo9P0eSFhqFiLuL3XVFA="],"block_size":4096,"path":"thirdparty/font-awesome-4.7.0/less/stacked.less"},{"block_hashes":["5M/pTRAFEv52FYuA6VudJ12xx8W8/zXtUpwlVDWuNbg=","aj7dTTWcs0WebvdKZFH4R0ZEAQx0afQGRZfRuuWO1To=","kaQ/B66EhD9k2MTIppV2fFtd97X4fz+KMLwSr4qg8zQ=","gEdKBa4XMP/ev7LAwKv86kt+5q+OFwzhyhkDmyf8mnw=","Mshw1ckgjPzgaV+tKWt/0GvqkzWncuHjcr8musYSE60=","EEFepGdbm/wbP3Jn4yi2PjS+OqH4x3+40cV1UumEh0g="],"block_size":4096,"path":"thirdparty/font-awesome-4.7.0/less/variables.less"},{"block_hashes":["kA4lMcp1RPqPbg25mWvSjTlwGF7YEHF6Ckh52hNeVHg="],"block_size":4096,"path":"thirdparty/font-awesome-4.7.0/scss/_animated.scss"},{"block_hashes":["0dKNQFuTKDE8hD98GkCVHuGnONYyCBvrdqDgcrQH9Uk="],"block_size":4096,"path":"thirdparty/font-awesome-4.7.0/scss/_bordered-pulled.scss"},{"block_hashes":["5ugZSbCsRmg5xSOaFFCWfsMq8w63wl0YRVaWIeihyPw="],"block_size":4096,"path":"thirdparty/font-awesome-4.7.0/scss/_core.scss"},{"block_hashes":["uLCzR44E6GjvDNX6P7KRUk8ZMhRNG9NCfRVq/jaRlOk="],"block_size":4096,"path":"thirdparty/font-awesome-4.7.0/scss/_fixed-width.scss"},{"block_hashes":["5Ebh20Zwqd5RFHZp3xVwsvcpQlQ2uQ4RtBL0zVKZYUg=","0np+iWhiT9iErW9nU+j5ev1UprCs4y/PJGr9h3ZKGU0=","98dC+27wPwbMXrcTU7enzVhD45RnU2C2+IVBQ6ibj/k=","GboDkyY+DYGf5RDCL9KsrO5Oo2RDsZP23+8+l4kp4dE=","+6v8CNrByBhosCRztO4CRlRGfE33T3oynlAfk1nxSmw=","8eScaPCqf6xCA+1Q1t0Pf5OPyWCxPuGO6ks1k6AB7ys=","B6ImoY11VenOZjC0yK7KLy5nC5dnqDqz1rCBcKA/l0E=","Xr95GiwGzp8ofOl7LnUeSjdddXu6dkNMSaElsG+6jE8=","OAsv49LMJOyssw9Uw5qhpeQ/aj+flody68OeWSMZ03I=","er0pqvK8Qv/JVS/nb7HvT4GYPM5sNwMtIoDS6eIp4zU=","gJamNMUVYLW0e4hGdDTHH/6R342v6Zr9wL1ffBzb1eE=","zkLyi5TKGzG3QKJ5YSuzh42KA9XutubhMhW0KtrN7lE=","eve2C+f5vJ9/njz1tQb0IElbMQ8WdwiWiFUDqCgl+is="],"block_size":4096,"path":"thirdparty/font-awesome-4.7.0/scss/_icons.scss"},{"block_hashes":["+06OfV0DB02kAvVE02vWrbatrtetgWxLyz9T/gMnPBc="],"block_size":4096,"path":"thirdparty/font-awesome-4.7.0/scss/_larger.scss"},{"block_hashes":["1UMKZpX+vNnn9YmAQa7StiBg0bjXt4Lg9JdSEKDd844="],"block_size":4096,"path":"thirdparty/font-awesome-4.7.0/scss/_list.scss"},{"block_hashes":["Lv48Zlxf7Mb7P2rN8YX9wLGHGtB0OB+jm1gcr8X6gs4="],"block_size":4096,"path":"thirdparty/font-awesome-4.7.0/scss/_mixins.scss"},{"block_hashes":["DgNeIbvffxTxRT+hJqrznwtiR5Rx88umSaZN0tqlTiY="],"block_size":4096,"path":"thirdparty/font-awesome-4.7.0/scss/_path.scss"},{"block_hashes":["/waG12rN41gdZ5vodPv3OovK5BEPp7bHqgirIEp/O3o="],"block_size":4096,"path":"thirdparty/font-awesome-4.7.0/scss/_rotated-flipped.scss"},{"block_hashes":["HJZMhNXsM/01kY8mDqNQOqqks/EJCzQqbpjbbQR9Xjg="],"block_size":4096,"path":"thirdparty/font-awesome-4.7.0/scss/_screen-reader.scss"},{"block_hashes":["cPM/0HmrcIWHxjtYhOBLMaP0b9M5I8sEZiH/GLG9mdI="],"block_size":4096,"path":"thirdparty/font-awesome-4.7.0/scss/_stacked.scss"},{"block_hashes":["BkxclUvUjJYEqk/CQZJlEvT9OG792PlU3I8E/0FBmAk=","hDc90wkkVOkKD7hkTHV5xosuiOT9PeezMt59pW1sAB8=","M86mzzMgk509C+KEDL+8WQG4nMPal7AZSh/XYMABdDM=","gHmelZHUuZ4JC+pD/egQUcykm0pww26ACmZzzRmGqpU=","sJwOoadZ+0gTd53p+DPtMv/xjIhSqgU4gtJhqb7kmSY=","Bh85A/xU7bVN+k6wvrruNW6VmcX9//4Ys+7iNy1cKlc="],"block_size":4096,"path":"thirdparty/font-awesome-4.7.0/scss/_variables.scss"},{"block_hashes":["TLSgDKCLbkVuCfL77s3FqxP3yRvL6iYzAMgUrvP/z0M="],"block_size":4096,"path":"thirdparty/font-awesome-4.7.0/scss/font-awesome.scss"},{"block_hashes":["Vzm90+eEmA87Q+ImTPM8mBImKlC/c3e5lkRNk2ZuQZ0=","QFd+BfqIEBob23qdLOq2gqGDvzXBuXFGnEDxBhrF5KM=","Ld8Yzhk3JQxP9vQnDx1C7xWF5PWn6bG1uz3T3/+tH9s=","qQPYCVkTn3+PCoqrSGNsWIGLcHetCih+T9TZhEvxrM0=","Qyo9VyWKSL8R9l8VXjn1Kr1vpv5GFkfEnOnH6EFmksk=","lQnl4raQu7JZoRMX99wBO0+ycpAlwZ6l2vFHbWaQLIw=","xFjvHXuG9DgzhJPKRiDkNqfmhiVyozqiMUgrtfGhu3g=","5w/wtIYPywSn2kiZ/REEjMcTPgTVlfyLFx8D5cRG8MQ=","6GfNEU5A7hFXVWnHfmmxKzRQKn0nSZwbyqilU5C56bo=","5n3sOuRL8gJN/ZebhQ/pkMCPeKpo67KYxb9cYE422O8=","3C3dqgOZaVPB/A+Xc+g5kfxEfnfP7RsLEwNtakQRdfc=","cWosDLj0QobIl0qtIaxgnpvZs2difEu2Oi5A8f1MD1g=","tmbw+6Bb2ZY4g1zMixv6KGATrIQ8L1JBLF1qTXuFFlw=","mNfe0NA7Gjy3x63X7HfrqtaRT2UCW3VBXWyBEyY7DrQ=","KwjK3yLvxw38HQbu/STo8ENTXg6eyNvs+h0fqSLa0V4=","vvwGss9Sl/ytsMJZki15mPPqty65HGbyc/FhZata/EA=","+ZKLSgZuLHSVoMPqIhpFtOR5RSUYyYsAPSBjgja+4lc=","kG/3vrwPpr1s0JgVEvdQ2gwEnoCDm2sEeFmz3GNxarw=","AJrqfchlBrw0qRpEDK3TfvU7J7B7mTbwZXyqHE3dn8A=","t4YdgXlvmHr/uMVJRUBgGC8/PcHjvCJYf0ExidwaaKA=","JA5eRbVzVse27JK0aCAdaFboAv3vum0jJVKgeFoYbl0=","1VWTQTudu5dgx1aZuVCE/4MzMRJpBBr/MT9OeZXnKrQ=","msJUKrc/KUkU25CvMEBBq4y5FtpOMNWywj4+ocut2zM=","aTks1peEZeJ0ZkcuN0YTqjLhCPVMqEN2Pe31hF1y+O4="],"block_size":4096,"path":"thirdparty/jQuery/jquery-1.11.3.min.js"},{"block_hashes":["Zj5lR1/snBdXBTybAQgjjRXr4lo2xKqlfsI8w2o/w+Y=","NRib/TAq6b62gCHDaFHDsZPHT3pO9a7PG2mcte4F10E=","t0pGjdaYfwa+1KkSEyF4sdTXdIXhTpc5FkHeCr0F3tg=","N12LTE7dPQEj4ULZeucnQlxnY4/pTUDgCCwS7UPOeq4=","WsAbH9VbvAaBd6th9c4Y9YXaFBcUUZw5fUhp4Kg9XUI=","2FMggshwle/6Sy3XTph+I8JJDzzcGz7NOWDea0o2VOE=","mTBDE1BVRnuAxsh0YWEfPEq4OhnIyBE5AhUdSk6DPwE=","IHwoSBtF1TuI54pyH+bjgKvy56P+RFDFrFsSW8zRzdM="],"block_size":4096,"path":"thirdparty/sendKey/bililiteRange.js"},{"block_hashes":["LlyzflvsqizkI7NTFsj2p2kFSxf4mPRgiz1wGdt7SCo="],"block_size":4096,"path":"thirdparty/sendKey/help.txt"},{"block_hashes":["GzD5ZQS5emF/5FKw+9JDmj7bjzr3Sqn0wlMLWycFPig="],"block_size":4096,"path":"thirdparty/sendKey/jquery.sendkeys.js"}],"version":2}